﻿<?xml version="1.0" encoding="utf-8"?>
<TextureAtlas imagePath="duet_assets.png">
	<!-- Created with Adobe Animate version 21.0.7.42652 -->
	<!-- http://www.adobe.com/products/animate.html -->
	<SubTexture name="duet SHOWTIME0000" x="3" y="3" width="552" height="739" frameX="-12" frameY="-3" frameWidth="571" frameHeight="742"/>
	<SubTexture name="duet SHOWTIME0001" x="559" y="3" width="552" height="736" frameX="-12" frameY="-6" frameWidth="571" frameHeight="742"/>
	<SubTexture name="duet SHOWTIME0002" x="1115" y="3" width="554" height="737" frameX="-10" frameY="-5" frameWidth="571" frameHeight="742"/>
	<SubTexture name="duet SHOWTIME0003" x="1673" y="3" width="553" height="738" frameX="-11" frameY="-4" frameWidth="571" frameHeight="742"/>
	<SubTexture name="duet SHOWTIME0004" x="2230" y="3" width="552" height="738" frameX="-12" frameY="-4" frameWidth="571" frameHeight="742"/>
	<SubTexture name="duet SHOWTIME0005" x="2786" y="3" width="551" height="738" frameX="-13" frameY="-4" frameWidth="571" frameHeight="742"/>
	<SubTexture name="duet SHOWTIME0006" x="3341" y="3" width="551" height="738" frameX="-13" frameY="-4" frameWidth="571" frameHeight="742"/>
	<SubTexture name="duet SHOWTIME0007" x="3896" y="3" width="551" height="737" frameX="-13" frameY="-5" frameWidth="571" frameHeight="742"/>
	<SubTexture name="duet SHOWTIME0008" x="4451" y="3" width="551" height="738" frameX="-13" frameY="-4" frameWidth="571" frameHeight="742"/>
	<SubTexture name="duet SHOWTIME0009" x="5006" y="3" width="551" height="738" frameX="-13" frameY="-4" frameWidth="571" frameHeight="742"/>
	<SubTexture name="duet SHOWTIME0010" x="5561" y="3" width="551" height="738" frameX="-13" frameY="-4" frameWidth="571" frameHeight="742"/>
	<SubTexture name="duet SHOWTIME0011" x="5561" y="3" width="551" height="738" frameX="-13" frameY="-4" frameWidth="571" frameHeight="742"/>
	<SubTexture name="duet SHOWTIME0012" x="6116" y="3" width="551" height="738" frameX="-13" frameY="-4" frameWidth="571" frameHeight="742"/>
	<SubTexture name="duet SHOWTIME0013" x="6116" y="3" width="551" height="738" frameX="-13" frameY="-4" frameWidth="571" frameHeight="742"/>
	<SubTexture name="duet SHOWTIME0014" x="6116" y="3" width="551" height="738" frameX="-13" frameY="-4" frameWidth="571" frameHeight="742"/>
	<SubTexture name="duet SHOWTIME0015" x="6671" y="3" width="551" height="738" frameX="-13" frameY="-4" frameWidth="571" frameHeight="742"/>
	<SubTexture name="duet SHOWTIME0016" x="7226" y="3" width="554" height="738" frameX="-10" frameY="-4" frameWidth="571" frameHeight="742"/>
	<SubTexture name="duet SHOWTIME0017" x="3" y="746" width="557" height="739" frameX="-7" frameY="-3" frameWidth="571" frameHeight="742"/>
	<SubTexture name="duet SHOWTIME0018" x="564" y="746" width="558" height="740" frameX="-6" frameY="-2" frameWidth="571" frameHeight="742"/>
	<SubTexture name="duet SHOWTIME0019" x="1126" y="746" width="561" height="741" frameX="-3" frameY="-1" frameWidth="571" frameHeight="742"/>
	<SubTexture name="duet SHOWTIME0020" x="1691" y="746" width="564" height="742" frameX="0" frameY="0" frameWidth="571" frameHeight="742"/>
	<SubTexture name="duet SHOWTIME0021" x="2259" y="746" width="556" height="742" frameX="-8" frameY="0" frameWidth="571" frameHeight="742"/>
	<SubTexture name="duet SHOWTIME0022" x="2819" y="746" width="554" height="741" frameX="-10" frameY="-1" frameWidth="571" frameHeight="742"/>
	<SubTexture name="duet SHOWTIME0023" x="3377" y="746" width="554" height="739" frameX="-10" frameY="-3" frameWidth="571" frameHeight="742"/>
	<SubTexture name="duet SHOWTIME0024" x="3935" y="746" width="554" height="738" frameX="-10" frameY="-4" frameWidth="571" frameHeight="742"/>
	<SubTexture name="duet SHOWTIME0025" x="4493" y="746" width="554" height="738" frameX="-11" frameY="-4" frameWidth="571" frameHeight="742"/>
	<SubTexture name="duet SHOWTIME0026" x="5051" y="746" width="555" height="738" frameX="-11" frameY="-4" frameWidth="571" frameHeight="742"/>
	<SubTexture name="duet SHOWTIME0027" x="5610" y="746" width="556" height="737" frameX="-11" frameY="-5" frameWidth="571" frameHeight="742"/>
	<SubTexture name="duet SHOWTIME0028" x="6170" y="746" width="556" height="737" frameX="-11" frameY="-5" frameWidth="571" frameHeight="742"/>
	<SubTexture name="duet SHOWTIME0029" x="6730" y="746" width="557" height="737" frameX="-11" frameY="-5" frameWidth="571" frameHeight="742"/>
	<SubTexture name="duet SHOWTIME0030" x="7291" y="746" width="556" height="737" frameX="-12" frameY="-5" frameWidth="571" frameHeight="742"/>
	<SubTexture name="duet SHOWTIME0031" x="3" y="1492" width="556" height="736" frameX="-12" frameY="-6" frameWidth="571" frameHeight="742"/>
	<SubTexture name="duet SHOWTIME0032" x="563" y="1492" width="556" height="736" frameX="-12" frameY="-6" frameWidth="571" frameHeight="742"/>
	<SubTexture name="duet SHOWTIME0033" x="1123" y="1492" width="555" height="736" frameX="-13" frameY="-6" frameWidth="571" frameHeight="742"/>
	<SubTexture name="duet SHOWTIME0034" x="1682" y="1492" width="554" height="735" frameX="-14" frameY="-7" frameWidth="571" frameHeight="742"/>
	<SubTexture name="duet SHOWTIME0035" x="2240" y="1492" width="554" height="735" frameX="-14" frameY="-7" frameWidth="571" frameHeight="742"/>
	<SubTexture name="duet SHOWTIME0036" x="2798" y="1492" width="553" height="734" frameX="-15" frameY="-8" frameWidth="571" frameHeight="742"/>
	<SubTexture name="duet SHOWTIME0037" x="3355" y="1492" width="552" height="734" frameX="-16" frameY="-8" frameWidth="571" frameHeight="742"/>
	<SubTexture name="duet SHOWTIME0038" x="3911" y="1492" width="553" height="733" frameX="-16" frameY="-9" frameWidth="571" frameHeight="742"/>
	<SubTexture name="duet SHOWTIME0039" x="4468" y="1492" width="552" height="733" frameX="-17" frameY="-9" frameWidth="571" frameHeight="742"/>
	<SubTexture name="duet SHOWTIME0040" x="5024" y="1492" width="552" height="733" frameX="-17" frameY="-9" frameWidth="571" frameHeight="742"/>
	<SubTexture name="duet SHOWTIME0041" x="5580" y="1492" width="552" height="733" frameX="-18" frameY="-9" frameWidth="571" frameHeight="742"/>
	<SubTexture name="duet SHOWTIME0042" x="6136" y="1492" width="552" height="732" frameX="-18" frameY="-10" frameWidth="571" frameHeight="742"/>
	<SubTexture name="duet SHOWTIME0043" x="6692" y="1492" width="553" height="732" frameX="-18" frameY="-10" frameWidth="571" frameHeight="742"/>
	<SubTexture name="duet SHOWTIME0044" x="7249" y="1492" width="553" height="732" frameX="-18" frameY="-10" frameWidth="571" frameHeight="742"/>
	<SubTexture name="duet SHOWTIME0045" x="7249" y="1492" width="553" height="732" frameX="-19" frameY="-10" frameWidth="571" frameHeight="742"/>
	<SubTexture name="duet SHOWTIME0046" x="3" y="2232" width="552" height="732" frameX="-19" frameY="-10" frameWidth="571" frameHeight="742"/>
	<SubTexture name="duet Sing Note DOWN0000" x="559" y="2232" width="578" height="764" frameX="0" frameY="0" frameWidth="581" frameHeight="764"/>
	<SubTexture name="duet Sing Note DOWN0001" x="1141" y="2232" width="578" height="764" frameX="0" frameY="0" frameWidth="581" frameHeight="764"/>
	<SubTexture name="duet Sing Note DOWN0002" x="1723" y="2232" width="581" height="764"/>
	<SubTexture name="duet Sing Note DOWN0003" x="2308" y="2232" width="581" height="764"/>
	<SubTexture name="duet Sing Note DOWN0004" x="2893" y="2232" width="580" height="764" frameX="0" frameY="0" frameWidth="581" frameHeight="764"/>
	<SubTexture name="duet Sing Note DOWN0005" x="3477" y="2232" width="578" height="764" frameX="0" frameY="0" frameWidth="581" frameHeight="764"/>
	<SubTexture name="duet Sing Note DOWN0006" x="4059" y="2232" width="578" height="764" frameX="0" frameY="0" frameWidth="581" frameHeight="764"/>
	<SubTexture name="duet Sing Note DOWN0007" x="559" y="2232" width="578" height="764" frameX="0" frameY="0" frameWidth="581" frameHeight="764"/>
	<SubTexture name="duet Sing Note DOWN0008" x="559" y="2232" width="578" height="764" frameX="0" frameY="0" frameWidth="581" frameHeight="764"/>
	<SubTexture name="duet Sing Note DOWN0009" x="559" y="2232" width="578" height="764" frameX="0" frameY="0" frameWidth="581" frameHeight="764"/>
	<SubTexture name="duet Sing Note DOWN0010" x="559" y="2232" width="578" height="764" frameX="0" frameY="0" frameWidth="581" frameHeight="764"/>
	<SubTexture name="duet Sing Note DOWN0011" x="559" y="2232" width="578" height="764" frameX="0" frameY="0" frameWidth="581" frameHeight="764"/>
	<SubTexture name="duet Sing Note DOWN0012" x="559" y="2232" width="578" height="764" frameX="0" frameY="0" frameWidth="581" frameHeight="764"/>
	<SubTexture name="duet Sing Note DOWN0013" x="559" y="2232" width="578" height="764" frameX="0" frameY="0" frameWidth="581" frameHeight="764"/>
	<SubTexture name="duet Sing Note DOWN0014" x="559" y="2232" width="578" height="764" frameX="0" frameY="0" frameWidth="581" frameHeight="764"/>
	<SubTexture name="duet Sing Note DOWN0015" x="559" y="2232" width="578" height="764" frameX="0" frameY="0" frameWidth="581" frameHeight="764"/>
	<SubTexture name="duet Sing Note LEFT0000" x="4641" y="2232" width="602" height="816" frameX="-7" frameY="0" frameWidth="609" frameHeight="816"/>
	<SubTexture name="duet Sing Note LEFT0001" x="5247" y="2232" width="601" height="816" frameX="-7" frameY="0" frameWidth="609" frameHeight="816"/>
	<SubTexture name="duet Sing Note LEFT0002" x="5852" y="2232" width="603" height="816" frameX="0" frameY="0" frameWidth="609" frameHeight="816"/>
	<SubTexture name="duet Sing Note LEFT0003" x="6459" y="2232" width="602" height="816" frameX="-1" frameY="0" frameWidth="609" frameHeight="816"/>
	<SubTexture name="duet Sing Note LEFT0004" x="7065" y="2232" width="598" height="816" frameX="-5" frameY="0" frameWidth="609" frameHeight="816"/>
	<SubTexture name="duet Sing Note LEFT0005" x="3" y="3052" width="598" height="816" frameX="-7" frameY="0" frameWidth="609" frameHeight="816"/>
	<SubTexture name="duet Sing Note LEFT0006" x="605" y="3052" width="602" height="816" frameX="-7" frameY="0" frameWidth="609" frameHeight="816"/>
	<SubTexture name="duet Sing Note LEFT0007" x="605" y="3052" width="602" height="816" frameX="-7" frameY="0" frameWidth="609" frameHeight="816"/>
	<SubTexture name="duet Sing Note LEFT0008" x="605" y="3052" width="602" height="816" frameX="-7" frameY="0" frameWidth="609" frameHeight="816"/>
	<SubTexture name="duet Sing Note LEFT0009" x="605" y="3052" width="602" height="816" frameX="-7" frameY="0" frameWidth="609" frameHeight="816"/>
	<SubTexture name="duet Sing Note LEFT0010" x="605" y="3052" width="602" height="816" frameX="-7" frameY="0" frameWidth="609" frameHeight="816"/>
	<SubTexture name="duet Sing Note LEFT0011" x="605" y="3052" width="602" height="816" frameX="-7" frameY="0" frameWidth="609" frameHeight="816"/>
	<SubTexture name="duet Sing Note LEFT0012" x="605" y="3052" width="602" height="816" frameX="-7" frameY="0" frameWidth="609" frameHeight="816"/>
	<SubTexture name="duet Sing Note LEFT0013" x="605" y="3052" width="602" height="816" frameX="-7" frameY="0" frameWidth="609" frameHeight="816"/>
	<SubTexture name="duet Sing Note LEFT0014" x="605" y="3052" width="602" height="816" frameX="-7" frameY="0" frameWidth="609" frameHeight="816"/>
	<SubTexture name="duet Sing Note LEFT0015" x="605" y="3052" width="602" height="816" frameX="-7" frameY="0" frameWidth="609" frameHeight="816"/>
	<SubTexture name="duet Sing Note LEFT0016" x="605" y="3052" width="602" height="816" frameX="-7" frameY="0" frameWidth="609" frameHeight="816"/>
	<SubTexture name="duet Sing Note LEFT0017" x="605" y="3052" width="602" height="816" frameX="-7" frameY="0" frameWidth="609" frameHeight="816"/>
	<SubTexture name="duet Sing Note LEFT0018" x="605" y="3052" width="602" height="816" frameX="-7" frameY="0" frameWidth="609" frameHeight="816"/>
	<SubTexture name="duet Sing Note RIGHT0000" x="1211" y="3052" width="741" height="818" frameX="-1" frameY="0" frameWidth="742" frameHeight="818"/>
	<SubTexture name="duet Sing Note RIGHT0001" x="1956" y="3052" width="741" height="818" frameX="-1" frameY="0" frameWidth="742" frameHeight="818"/>
	<SubTexture name="duet Sing Note RIGHT0002" x="2701" y="3052" width="742" height="818"/>
	<SubTexture name="duet Sing Note RIGHT0003" x="3447" y="3052" width="742" height="818"/>
	<SubTexture name="duet Sing Note RIGHT0004" x="4193" y="3052" width="741" height="818" frameX="-1" frameY="0" frameWidth="742" frameHeight="818"/>
	<SubTexture name="duet Sing Note RIGHT0005" x="4938" y="3052" width="741" height="818" frameX="-1" frameY="0" frameWidth="742" frameHeight="818"/>
	<SubTexture name="duet Sing Note RIGHT0006" x="5683" y="3052" width="741" height="818" frameX="-1" frameY="0" frameWidth="742" frameHeight="818"/>
	<SubTexture name="duet Sing Note RIGHT0007" x="1211" y="3052" width="741" height="818" frameX="-1" frameY="0" frameWidth="742" frameHeight="818"/>
	<SubTexture name="duet Sing Note RIGHT0008" x="1211" y="3052" width="741" height="818" frameX="-1" frameY="0" frameWidth="742" frameHeight="818"/>
	<SubTexture name="duet Sing Note RIGHT0009" x="1211" y="3052" width="741" height="818" frameX="-1" frameY="0" frameWidth="742" frameHeight="818"/>
	<SubTexture name="duet Sing Note RIGHT0010" x="1211" y="3052" width="741" height="818" frameX="-1" frameY="0" frameWidth="742" frameHeight="818"/>
	<SubTexture name="duet Sing Note RIGHT0011" x="1211" y="3052" width="741" height="818" frameX="-1" frameY="0" frameWidth="742" frameHeight="818"/>
	<SubTexture name="duet Sing Note RIGHT0012" x="1211" y="3052" width="741" height="818" frameX="-1" frameY="0" frameWidth="742" frameHeight="818"/>
	<SubTexture name="duet Sing Note RIGHT0013" x="1211" y="3052" width="741" height="818" frameX="-1" frameY="0" frameWidth="742" frameHeight="818"/>
	<SubTexture name="duet Sing Note RIGHT0014" x="1211" y="3052" width="741" height="818" frameX="-1" frameY="0" frameWidth="742" frameHeight="818"/>
	<SubTexture name="duet Sing Note RIGHT0015" x="1211" y="3052" width="741" height="818" frameX="-1" frameY="0" frameWidth="742" frameHeight="818"/>
	<SubTexture name="duet Sing Note RIGHT0016" x="1211" y="3052" width="741" height="818" frameX="-1" frameY="0" frameWidth="742" frameHeight="818"/>
	<SubTexture name="duet Sing Note RIGHT0017" x="1211" y="3052" width="741" height="818" frameX="-1" frameY="0" frameWidth="742" frameHeight="818"/>
	<SubTexture name="duet Sing Note RIGHT0018" x="1211" y="3052" width="741" height="818" frameX="-1" frameY="0" frameWidth="742" frameHeight="818"/>
	<SubTexture name="duet Sing Note UP0000" x="6428" y="3052" width="515" height="846"/>
	<SubTexture name="duet Sing Note UP0001" x="6947" y="3052" width="515" height="846"/>
	<SubTexture name="duet Sing Note UP0002" x="7466" y="3052" width="515" height="846"/>
	<SubTexture name="duet Sing Note UP0003" x="3" y="3902" width="515" height="846"/>
	<SubTexture name="duet Sing Note UP0004" x="522" y="3902" width="515" height="846"/>
	<SubTexture name="duet Sing Note UP0005" x="1041" y="3902" width="515" height="846"/>
	<SubTexture name="duet Sing Note UP0006" x="1560" y="3902" width="515" height="846"/>
	<SubTexture name="duet Sing Note UP0007" x="2079" y="3902" width="515" height="846"/>
	<SubTexture name="duet Sing Note UP0008" x="2079" y="3902" width="515" height="846"/>
	<SubTexture name="duet Sing Note UP0009" x="2079" y="3902" width="515" height="846"/>
	<SubTexture name="duet Sing Note UP0010" x="2079" y="3902" width="515" height="846"/>
	<SubTexture name="duet Sing Note UP0011" x="2079" y="3902" width="515" height="846"/>
	<SubTexture name="duet Sing Note UP0012" x="2079" y="3902" width="515" height="846"/>
	<SubTexture name="duet Sing Note UP0013" x="2079" y="3902" width="515" height="846"/>
	<SubTexture name="duet Sing Note UP0014" x="2079" y="3902" width="515" height="846"/>
	<SubTexture name="duet Sing Note UP0015" x="2079" y="3902" width="515" height="846"/>
	<SubTexture name="duet Sing Note UP0016" x="2079" y="3902" width="515" height="846"/>
	<SubTexture name="duet Sing Note UP0017" x="2079" y="3902" width="515" height="846"/>
	<SubTexture name="duet Sing Note UP0018" x="2079" y="3902" width="515" height="846"/>
	<SubTexture name="duet Sing Note UP0019" x="2079" y="3902" width="515" height="846"/>
	<SubTexture name="duet Sing Note UP0020" x="2079" y="3902" width="515" height="846"/>
	<SubTexture name="duet Sing Note UP0021" x="2079" y="3902" width="515" height="846"/>
	<SubTexture name="duet Sing Note UP0022" x="2079" y="3902" width="515" height="846"/>
	<SubTexture name="duet Sing Note UP0023" x="2079" y="3902" width="515" height="846"/>
	<SubTexture name="duet Sing Note UP0024" x="2079" y="3902" width="515" height="846"/>
	<SubTexture name="duet Sing Note UP0025" x="2079" y="3902" width="515" height="846"/>
	<SubTexture name="duet Sing Note UP0026" x="2079" y="3902" width="515" height="846"/>
	<SubTexture name="duet Sing Note UP0027" x="2079" y="3902" width="515" height="846"/>
	<SubTexture name="duet Sing Note UP0028" x="2079" y="3902" width="515" height="846"/>
	<SubTexture name="duet Sing Note UP0029" x="2079" y="3902" width="515" height="846"/>
	<SubTexture name="duet Sing Note UP0030" x="2079" y="3902" width="515" height="846"/>
	<SubTexture name="duet Sing Note UP0031" x="2079" y="3902" width="515" height="846"/>
	<SubTexture name="duet Sing Note UP0032" x="2079" y="3902" width="515" height="846"/>
	<SubTexture name="duet Sing Note UP0033" x="2079" y="3902" width="515" height="846"/>
	<SubTexture name="duet Sing Note UP0034" x="2079" y="3902" width="515" height="846"/>
	<SubTexture name="duet Sing Note UP0035" x="2079" y="3902" width="515" height="846"/>
	<SubTexture name="duet Sing Note UP0036" x="2079" y="3902" width="515" height="846"/>
	<SubTexture name="duet Sing Note UP0037" x="2079" y="3902" width="515" height="846"/>
	<SubTexture name="duet Sing Note UP0038" x="2079" y="3902" width="515" height="846"/>
	<SubTexture name="duet Sing Note UP0039" x="2079" y="3902" width="515" height="846"/>
	<SubTexture name="duet Sing Note UP0040" x="2079" y="3902" width="515" height="846"/>
	<SubTexture name="duet Sing Note UP0041" x="2079" y="3902" width="515" height="846"/>
	<SubTexture name="duet Sing Note UP0042" x="2079" y="3902" width="515" height="846"/>
	<SubTexture name="duet Sing Note UP0043" x="2079" y="3902" width="515" height="846"/>
	<SubTexture name="duet Sing Note UP0044" x="2079" y="3902" width="515" height="846"/>
	<SubTexture name="duet Sing Note UP0045" x="2079" y="3902" width="515" height="846"/>
	<SubTexture name="duet Sing Note UP0046" x="2079" y="3902" width="515" height="846"/>
	<SubTexture name="duet Sing Note UP0047" x="2079" y="3902" width="515" height="846"/>
	<SubTexture name="duet Sing Note UP0048" x="2079" y="3902" width="515" height="846"/>
	<SubTexture name="duet Sing Note UP0049" x="2079" y="3902" width="515" height="846"/>
	<SubTexture name="duet Sing Note UP0050" x="2079" y="3902" width="515" height="846"/>
	<SubTexture name="duet Sing Note UP0051" x="2079" y="3902" width="515" height="846"/>
	<SubTexture name="duet Sing Note UP0052" x="2079" y="3902" width="515" height="846"/>
	<SubTexture name="duet Sing Note UP0053" x="2079" y="3902" width="515" height="846"/>
	<SubTexture name="duet Sing Note UP0054" x="2079" y="3902" width="515" height="846"/>
	<SubTexture name="duet Sing Note UP0055" x="2079" y="3902" width="515" height="846"/>
	<SubTexture name="duet Sing Note UP0056" x="2079" y="3902" width="515" height="846"/>
	<SubTexture name="duet Sing Note UP0057" x="2079" y="3902" width="515" height="846"/>
	<SubTexture name="duet Sing Note UP0058" x="2079" y="3902" width="515" height="846"/>
	<SubTexture name="duet Sing Note UP0059" x="2079" y="3902" width="515" height="846"/>
	<SubTexture name="duet idle dance0000" x="2598" y="3902" width="551" height="801" frameX="0" frameY="0" frameWidth="552" frameHeight="801"/>
	<SubTexture name="duet idle dance0001" x="3153" y="3902" width="542" height="801" frameX="-9" frameY="0" frameWidth="552" frameHeight="801"/>
	<SubTexture name="duet idle dance0002" x="3699" y="3902" width="537" height="801" frameX="-14" frameY="0" frameWidth="552" frameHeight="801"/>
	<SubTexture name="duet idle dance0003" x="4240" y="3902" width="536" height="801" frameX="-14" frameY="0" frameWidth="552" frameHeight="801"/>
	<SubTexture name="duet idle dance0004" x="4780" y="3902" width="536" height="801" frameX="-14" frameY="0" frameWidth="552" frameHeight="801"/>
	<SubTexture name="duet idle dance0005" x="5320" y="3902" width="536" height="801" frameX="-14" frameY="0" frameWidth="552" frameHeight="801"/>
	<SubTexture name="duet idle dance0006" x="5860" y="3902" width="535" height="801" frameX="-15" frameY="0" frameWidth="552" frameHeight="801"/>
	<SubTexture name="duet idle dance0007" x="6399" y="3902" width="539" height="801" frameX="-12" frameY="0" frameWidth="552" frameHeight="801"/>
	<SubTexture name="duet idle dance0008" x="6942" y="3902" width="546" height="801" frameX="-5" frameY="0" frameWidth="552" frameHeight="801"/>
	<SubTexture name="duet idle dance0009" x="7492" y="3902" width="549" height="801" frameX="-2" frameY="0" frameWidth="552" frameHeight="801"/>
	<SubTexture name="duet idle dance0010" x="3" y="4752" width="551" height="801" frameX="0" frameY="0" frameWidth="552" frameHeight="801"/>
	<SubTexture name="duet idle dance0011" x="558" y="4752" width="551" height="801" frameX="0" frameY="0" frameWidth="552" frameHeight="801"/>
	<SubTexture name="duet idle dance0012" x="1113" y="4752" width="551" height="801" frameX="0" frameY="0" frameWidth="552" frameHeight="801"/>
	<SubTexture name="duet idle dance0013" x="1113" y="4752" width="551" height="801" frameX="0" frameY="0" frameWidth="552" frameHeight="801"/>
	<SubTexture name="duet idle dance0014" x="1668" y="4752" width="537" height="801" frameX="-14" frameY="0" frameWidth="552" frameHeight="801"/>
	<SubTexture name="duet idle dance0015" x="2209" y="4752" width="526" height="801" frameX="-25" frameY="0" frameWidth="552" frameHeight="801"/>
	<SubTexture name="duet idle dance0016" x="2739" y="4752" width="527" height="801" frameX="-25" frameY="0" frameWidth="552" frameHeight="801"/>
	<SubTexture name="duet idle dance0017" x="3270" y="4752" width="527" height="801" frameX="-25" frameY="0" frameWidth="552" frameHeight="801"/>
	<SubTexture name="duet idle dance0018" x="3801" y="4752" width="527" height="801" frameX="-25" frameY="0" frameWidth="552" frameHeight="801"/>
	<SubTexture name="duet idle dance0019" x="4332" y="4752" width="527" height="801" frameX="-24" frameY="0" frameWidth="552" frameHeight="801"/>
	<SubTexture name="duet idle dance0020" x="4863" y="4752" width="532" height="801" frameX="-19" frameY="0" frameWidth="552" frameHeight="801"/>
	<SubTexture name="duet idle dance0021" x="5399" y="4752" width="542" height="801" frameX="-9" frameY="0" frameWidth="552" frameHeight="801"/>
	<SubTexture name="duet idle dance0022" x="5945" y="4752" width="548" height="801" frameX="-3" frameY="0" frameWidth="552" frameHeight="801"/>
	<SubTexture name="duet idle dance0023" x="6497" y="4752" width="550" height="801" frameX="-1" frameY="0" frameWidth="552" frameHeight="801"/>
	<SubTexture name="duet idle dance0024" x="7051" y="4752" width="551" height="801" frameX="0" frameY="0" frameWidth="552" frameHeight="801"/>
	<SubTexture name="duet idle dance0025" x="2598" y="3902" width="551" height="801" frameX="0" frameY="0" frameWidth="552" frameHeight="801"/>
</TextureAtlas>
