﻿<?xml version="1.0" encoding="utf-8"?>
<TextureAtlas imagePath="TUTORIALcj_assets.png">
	<!-- Created with Adobe Animate version 21.0.7.42652 -->
	<!-- http://www.adobe.com/products/animate.html -->
	<SubTexture name="cj Sing Note DOWN0000" x="3" y="3" width="492" height="738" frameX="0" frameY="0" frameWidth="506" frameHeight="738"/>
	<SubTexture name="cj Sing Note DOWN0001" x="499" y="3" width="494" height="738" frameX="0" frameY="0" frameWidth="506" frameHeight="738"/>
	<SubTexture name="cj Sing Note DOWN0002" x="997" y="3" width="506" height="738"/>
	<SubTexture name="cj Sing Note DOWN0003" x="1507" y="3" width="505" height="738" frameX="0" frameY="0" frameWidth="506" frameHeight="738"/>
	<SubTexture name="cj Sing Note DOWN0004" x="2016" y="3" width="502" height="738" frameX="0" frameY="0" frameWidth="506" frameHeight="738"/>
	<SubTexture name="cj Sing Note DOWN0005" x="3" y="3" width="492" height="738" frameX="0" frameY="0" frameWidth="506" frameHeight="738"/>
	<SubTexture name="cj Sing Note DOWN0006" x="3" y="3" width="492" height="738" frameX="0" frameY="0" frameWidth="506" frameHeight="738"/>
	<SubTexture name="cj Sing Note DOWN0007" x="3" y="3" width="492" height="738" frameX="0" frameY="0" frameWidth="506" frameHeight="738"/>
	<SubTexture name="cj Sing Note DOWN0008" x="3" y="3" width="492" height="738" frameX="0" frameY="0" frameWidth="506" frameHeight="738"/>
	<SubTexture name="cj Sing Note DOWN0009" x="3" y="3" width="492" height="738" frameX="0" frameY="0" frameWidth="506" frameHeight="738"/>
	<SubTexture name="cj Sing Note DOWN0010" x="3" y="3" width="492" height="738" frameX="0" frameY="0" frameWidth="506" frameHeight="738"/>
	<SubTexture name="cj Sing Note DOWN0011" x="3" y="3" width="492" height="738" frameX="0" frameY="0" frameWidth="506" frameHeight="738"/>
	<SubTexture name="cj Sing Note DOWN0012" x="3" y="3" width="492" height="738" frameX="0" frameY="0" frameWidth="506" frameHeight="738"/>
	<SubTexture name="cj Sing Note DOWN0013" x="3" y="3" width="492" height="738" frameX="0" frameY="0" frameWidth="506" frameHeight="738"/>
	<SubTexture name="cj Sing Note DOWN0014" x="3" y="3" width="492" height="738" frameX="0" frameY="0" frameWidth="506" frameHeight="738"/>
	<SubTexture name="cj Sing Note DOWN0015" x="3" y="3" width="492" height="738" frameX="0" frameY="0" frameWidth="506" frameHeight="738"/>
	<SubTexture name="cj Sing Note LEFT0000" x="2522" y="3" width="618" height="769" frameX="-16" frameY="0" frameWidth="634" frameHeight="769"/>
	<SubTexture name="cj Sing Note LEFT0001" x="3144" y="3" width="620" height="769" frameX="-14" frameY="0" frameWidth="634" frameHeight="769"/>
	<SubTexture name="cj Sing Note LEFT0002" x="3768" y="3" width="634" height="769"/>
	<SubTexture name="cj Sing Note LEFT0003" x="4406" y="3" width="634" height="769"/>
	<SubTexture name="cj Sing Note LEFT0004" x="5044" y="3" width="629" height="769" frameX="-5" frameY="0" frameWidth="634" frameHeight="769"/>
	<SubTexture name="cj Sing Note LEFT0005" x="2522" y="3" width="618" height="769" frameX="-16" frameY="0" frameWidth="634" frameHeight="769"/>
	<SubTexture name="cj Sing Note LEFT0006" x="2522" y="3" width="618" height="769" frameX="-16" frameY="0" frameWidth="634" frameHeight="769"/>
	<SubTexture name="cj Sing Note LEFT0007" x="2522" y="3" width="618" height="769" frameX="-16" frameY="0" frameWidth="634" frameHeight="769"/>
	<SubTexture name="cj Sing Note LEFT0008" x="2522" y="3" width="618" height="769" frameX="-16" frameY="0" frameWidth="634" frameHeight="769"/>
	<SubTexture name="cj Sing Note LEFT0009" x="2522" y="3" width="618" height="769" frameX="-16" frameY="0" frameWidth="634" frameHeight="769"/>
	<SubTexture name="cj Sing Note LEFT0010" x="2522" y="3" width="618" height="769" frameX="-16" frameY="0" frameWidth="634" frameHeight="769"/>
	<SubTexture name="cj Sing Note LEFT0011" x="2522" y="3" width="618" height="769" frameX="-16" frameY="0" frameWidth="634" frameHeight="769"/>
	<SubTexture name="cj Sing Note LEFT0012" x="2522" y="3" width="618" height="769" frameX="-16" frameY="0" frameWidth="634" frameHeight="769"/>
	<SubTexture name="cj Sing Note LEFT0013" x="2522" y="3" width="618" height="769" frameX="-16" frameY="0" frameWidth="634" frameHeight="769"/>
	<SubTexture name="cj Sing Note LEFT0014" x="2522" y="3" width="618" height="769" frameX="-16" frameY="0" frameWidth="634" frameHeight="769"/>
	<SubTexture name="cj Sing Note LEFT0015" x="2522" y="3" width="618" height="769" frameX="-16" frameY="0" frameWidth="634" frameHeight="769"/>
	<SubTexture name="cj Sing Note RIGHT0000" x="5677" y="3" width="626" height="814" frameX="0" frameY="0" frameWidth="636" frameHeight="814"/>
	<SubTexture name="cj Sing Note RIGHT0001" x="6307" y="3" width="627" height="814" frameX="0" frameY="0" frameWidth="636" frameHeight="814"/>
	<SubTexture name="cj Sing Note RIGHT0002" x="6938" y="3" width="636" height="814"/>
	<SubTexture name="cj Sing Note RIGHT0003" x="3" y="821" width="635" height="814" frameX="0" frameY="0" frameWidth="636" frameHeight="814"/>
	<SubTexture name="cj Sing Note RIGHT0004" x="642" y="821" width="633" height="814" frameX="0" frameY="0" frameWidth="636" frameHeight="814"/>
	<SubTexture name="cj Sing Note RIGHT0005" x="5677" y="3" width="626" height="814" frameX="0" frameY="0" frameWidth="636" frameHeight="814"/>
	<SubTexture name="cj Sing Note RIGHT0006" x="5677" y="3" width="626" height="814" frameX="0" frameY="0" frameWidth="636" frameHeight="814"/>
	<SubTexture name="cj Sing Note RIGHT0007" x="5677" y="3" width="626" height="814" frameX="0" frameY="0" frameWidth="636" frameHeight="814"/>
	<SubTexture name="cj Sing Note RIGHT0008" x="5677" y="3" width="626" height="814" frameX="0" frameY="0" frameWidth="636" frameHeight="814"/>
	<SubTexture name="cj Sing Note RIGHT0009" x="5677" y="3" width="626" height="814" frameX="0" frameY="0" frameWidth="636" frameHeight="814"/>
	<SubTexture name="cj Sing Note RIGHT0010" x="5677" y="3" width="626" height="814" frameX="0" frameY="0" frameWidth="636" frameHeight="814"/>
	<SubTexture name="cj Sing Note RIGHT0011" x="5677" y="3" width="626" height="814" frameX="0" frameY="0" frameWidth="636" frameHeight="814"/>
	<SubTexture name="cj Sing Note RIGHT0012" x="5677" y="3" width="626" height="814" frameX="0" frameY="0" frameWidth="636" frameHeight="814"/>
	<SubTexture name="cj Sing Note RIGHT0013" x="5677" y="3" width="626" height="814" frameX="0" frameY="0" frameWidth="636" frameHeight="814"/>
	<SubTexture name="cj Sing Note RIGHT0014" x="5677" y="3" width="626" height="814" frameX="0" frameY="0" frameWidth="636" frameHeight="814"/>
	<SubTexture name="cj Sing Note RIGHT0015" x="5677" y="3" width="626" height="814" frameX="0" frameY="0" frameWidth="636" frameHeight="814"/>
	<SubTexture name="cj Sing Note RIGHT0016" x="5677" y="3" width="626" height="814" frameX="0" frameY="0" frameWidth="636" frameHeight="814"/>
	<SubTexture name="cj Sing Note RIGHT0017" x="5677" y="3" width="626" height="814" frameX="0" frameY="0" frameWidth="636" frameHeight="814"/>
	<SubTexture name="cj Sing Note RIGHT0018" x="5677" y="3" width="626" height="814" frameX="0" frameY="0" frameWidth="636" frameHeight="814"/>
	<SubTexture name="cj Sing Note UP0000" x="1279" y="821" width="346" height="872" frameX="0" frameY="-10" frameWidth="346" frameHeight="882"/>
	<SubTexture name="cj Sing Note UP0001" x="1629" y="821" width="346" height="873" frameX="0" frameY="-9" frameWidth="346" frameHeight="882"/>
	<SubTexture name="cj Sing Note UP0002" x="1979" y="821" width="346" height="882"/>
	<SubTexture name="cj Sing Note UP0003" x="2329" y="821" width="346" height="882"/>
	<SubTexture name="cj Sing Note UP0004" x="2679" y="821" width="346" height="879" frameX="0" frameY="-3" frameWidth="346" frameHeight="882"/>
	<SubTexture name="cj Sing Note UP0005" x="3029" y="821" width="346" height="872" frameX="0" frameY="-10" frameWidth="346" frameHeight="882"/>
	<SubTexture name="cj Sing Note UP0006" x="3029" y="821" width="346" height="872" frameX="0" frameY="-10" frameWidth="346" frameHeight="882"/>
	<SubTexture name="cj Sing Note UP0007" x="3029" y="821" width="346" height="872" frameX="0" frameY="-10" frameWidth="346" frameHeight="882"/>
	<SubTexture name="cj Sing Note UP0008" x="3029" y="821" width="346" height="872" frameX="0" frameY="-10" frameWidth="346" frameHeight="882"/>
	<SubTexture name="cj Sing Note UP0009" x="3029" y="821" width="346" height="872" frameX="0" frameY="-10" frameWidth="346" frameHeight="882"/>
	<SubTexture name="cj Sing Note UP0010" x="3029" y="821" width="346" height="872" frameX="0" frameY="-10" frameWidth="346" frameHeight="882"/>
	<SubTexture name="cj Sing Note UP0011" x="3029" y="821" width="346" height="872" frameX="0" frameY="-10" frameWidth="346" frameHeight="882"/>
	<SubTexture name="cj Sing Note UP0012" x="3029" y="821" width="346" height="872" frameX="0" frameY="-10" frameWidth="346" frameHeight="882"/>
	<SubTexture name="cj Sing Note UP0013" x="3029" y="821" width="346" height="872" frameX="0" frameY="-10" frameWidth="346" frameHeight="882"/>
	<SubTexture name="cj Sing Note UP0014" x="3029" y="821" width="346" height="872" frameX="0" frameY="-10" frameWidth="346" frameHeight="882"/>
	<SubTexture name="cj Sing Note UP0015" x="3029" y="821" width="346" height="872" frameX="0" frameY="-10" frameWidth="346" frameHeight="882"/>
	<SubTexture name="cj Sing Note UP0016" x="3029" y="821" width="346" height="872" frameX="0" frameY="-10" frameWidth="346" frameHeight="882"/>
	<SubTexture name="cj Sing Note UP0017" x="3029" y="821" width="346" height="872" frameX="0" frameY="-10" frameWidth="346" frameHeight="882"/>
	<SubTexture name="cj Sing Note UP0018" x="3029" y="821" width="346" height="872" frameX="0" frameY="-10" frameWidth="346" frameHeight="882"/>
	<SubTexture name="cj Sing Note UP0019" x="3029" y="821" width="346" height="872" frameX="0" frameY="-10" frameWidth="346" frameHeight="882"/>
	<SubTexture name="cj Sing Note UP0020" x="3029" y="821" width="346" height="872" frameX="0" frameY="-10" frameWidth="346" frameHeight="882"/>
	<SubTexture name="cj Sing Note UP0021" x="3029" y="821" width="346" height="872" frameX="0" frameY="-10" frameWidth="346" frameHeight="882"/>
	<SubTexture name="cj Sing Note UP0022" x="3029" y="821" width="346" height="872" frameX="0" frameY="-10" frameWidth="346" frameHeight="882"/>
	<SubTexture name="cj Sing Note UP0023" x="3029" y="821" width="346" height="872" frameX="0" frameY="-10" frameWidth="346" frameHeight="882"/>
	<SubTexture name="cj Sing Note UP0024" x="3029" y="821" width="346" height="872" frameX="0" frameY="-10" frameWidth="346" frameHeight="882"/>
	<SubTexture name="cj Sing Note UP0025" x="3029" y="821" width="346" height="872" frameX="0" frameY="-10" frameWidth="346" frameHeight="882"/>
	<SubTexture name="cj Sing Note UP0026" x="3029" y="821" width="346" height="872" frameX="0" frameY="-10" frameWidth="346" frameHeight="882"/>
	<SubTexture name="cj Sing Note UP0027" x="3029" y="821" width="346" height="872" frameX="0" frameY="-10" frameWidth="346" frameHeight="882"/>
	<SubTexture name="cj Sing Note UP0028" x="3029" y="821" width="346" height="872" frameX="0" frameY="-10" frameWidth="346" frameHeight="882"/>
	<SubTexture name="cj Sing Note UP0029" x="3029" y="821" width="346" height="872" frameX="0" frameY="-10" frameWidth="346" frameHeight="882"/>
	<SubTexture name="cj Sing Note UP0030" x="3029" y="821" width="346" height="872" frameX="0" frameY="-10" frameWidth="346" frameHeight="882"/>
	<SubTexture name="cj Sing Note UP0031" x="3029" y="821" width="346" height="872" frameX="0" frameY="-10" frameWidth="346" frameHeight="882"/>
	<SubTexture name="cj Sing Note UP0032" x="3029" y="821" width="346" height="872" frameX="0" frameY="-10" frameWidth="346" frameHeight="882"/>
	<SubTexture name="cj Sing Note UP0033" x="3029" y="821" width="346" height="872" frameX="0" frameY="-10" frameWidth="346" frameHeight="882"/>
	<SubTexture name="cj Sing Note UP0034" x="3029" y="821" width="346" height="872" frameX="0" frameY="-10" frameWidth="346" frameHeight="882"/>
	<SubTexture name="cj Sing Note UP0035" x="3029" y="821" width="346" height="872" frameX="0" frameY="-10" frameWidth="346" frameHeight="882"/>
	<SubTexture name="cj Sing Note UP0036" x="3029" y="821" width="346" height="872" frameX="0" frameY="-10" frameWidth="346" frameHeight="882"/>
	<SubTexture name="cj Sing Note UP0037" x="3029" y="821" width="346" height="872" frameX="0" frameY="-10" frameWidth="346" frameHeight="882"/>
	<SubTexture name="cj Sing Note UP0038" x="3029" y="821" width="346" height="872" frameX="0" frameY="-10" frameWidth="346" frameHeight="882"/>
	<SubTexture name="cj Sing Note UP0039" x="3029" y="821" width="346" height="872" frameX="0" frameY="-10" frameWidth="346" frameHeight="882"/>
	<SubTexture name="cj Sing Note UP0040" x="3029" y="821" width="346" height="872" frameX="0" frameY="-10" frameWidth="346" frameHeight="882"/>
	<SubTexture name="cj Sing Note UP0041" x="3029" y="821" width="346" height="872" frameX="0" frameY="-10" frameWidth="346" frameHeight="882"/>
	<SubTexture name="cj Sing Note UP0042" x="3029" y="821" width="346" height="872" frameX="0" frameY="-10" frameWidth="346" frameHeight="882"/>
	<SubTexture name="cj Sing Note UP0043" x="3029" y="821" width="346" height="872" frameX="0" frameY="-10" frameWidth="346" frameHeight="882"/>
	<SubTexture name="cj Sing Note UP0044" x="3029" y="821" width="346" height="872" frameX="0" frameY="-10" frameWidth="346" frameHeight="882"/>
	<SubTexture name="cj Sing Note UP0045" x="3029" y="821" width="346" height="872" frameX="0" frameY="-10" frameWidth="346" frameHeight="882"/>
	<SubTexture name="cj Sing Note UP0046" x="3029" y="821" width="346" height="872" frameX="0" frameY="-10" frameWidth="346" frameHeight="882"/>
	<SubTexture name="cj Sing Note UP0047" x="3029" y="821" width="346" height="872" frameX="0" frameY="-10" frameWidth="346" frameHeight="882"/>
	<SubTexture name="cj Sing Note UP0048" x="3029" y="821" width="346" height="872" frameX="0" frameY="-10" frameWidth="346" frameHeight="882"/>
	<SubTexture name="cj Sing Note UP0049" x="3029" y="821" width="346" height="872" frameX="0" frameY="-10" frameWidth="346" frameHeight="882"/>
	<SubTexture name="cj Sing Note UP0050" x="3029" y="821" width="346" height="872" frameX="0" frameY="-10" frameWidth="346" frameHeight="882"/>
	<SubTexture name="cj Sing Note UP0051" x="3029" y="821" width="346" height="872" frameX="0" frameY="-10" frameWidth="346" frameHeight="882"/>
	<SubTexture name="cj Sing Note UP0052" x="3029" y="821" width="346" height="872" frameX="0" frameY="-10" frameWidth="346" frameHeight="882"/>
	<SubTexture name="cj Sing Note UP0053" x="3029" y="821" width="346" height="872" frameX="0" frameY="-10" frameWidth="346" frameHeight="882"/>
	<SubTexture name="cj Sing Note UP0054" x="3029" y="821" width="346" height="872" frameX="0" frameY="-10" frameWidth="346" frameHeight="882"/>
	<SubTexture name="cj Sing Note UP0055" x="3029" y="821" width="346" height="872" frameX="0" frameY="-10" frameWidth="346" frameHeight="882"/>
	<SubTexture name="cj Sing Note UP0056" x="3029" y="821" width="346" height="872" frameX="0" frameY="-10" frameWidth="346" frameHeight="882"/>
	<SubTexture name="cj Sing Note UP0057" x="3029" y="821" width="346" height="872" frameX="0" frameY="-10" frameWidth="346" frameHeight="882"/>
	<SubTexture name="cj Sing Note UP0058" x="3029" y="821" width="346" height="872" frameX="0" frameY="-10" frameWidth="346" frameHeight="882"/>
	<SubTexture name="cj Sing Note UP0059" x="3029" y="821" width="346" height="872" frameX="0" frameY="-10" frameWidth="346" frameHeight="882"/>
	<SubTexture name="cj doubleha0000" x="3379" y="821" width="346" height="779" frameX="0" frameY="-11" frameWidth="355" frameHeight="790"/>
	<SubTexture name="cj doubleha0001" x="3729" y="821" width="348" height="780" frameX="0" frameY="-10" frameWidth="355" frameHeight="790"/>
	<SubTexture name="cj doubleha0002" x="4081" y="821" width="350" height="790" frameX="0" frameY="0" frameWidth="355" frameHeight="790"/>
	<SubTexture name="cj doubleha0003" x="4435" y="821" width="352" height="790" frameX="0" frameY="0" frameWidth="355" frameHeight="790"/>
	<SubTexture name="cj doubleha0004" x="4791" y="821" width="354" height="788" frameX="0" frameY="-2" frameWidth="355" frameHeight="790"/>
	<SubTexture name="cj doubleha0005" x="5149" y="821" width="355" height="779" frameX="0" frameY="-11" frameWidth="355" frameHeight="790"/>
	<SubTexture name="cj doubleha0006" x="5149" y="821" width="355" height="779" frameX="0" frameY="-11" frameWidth="355" frameHeight="790"/>
	<SubTexture name="cj doubleha0007" x="5149" y="821" width="355" height="779" frameX="0" frameY="-11" frameWidth="355" frameHeight="790"/>
	<SubTexture name="cj doubleha0008" x="5149" y="821" width="355" height="779" frameX="0" frameY="-11" frameWidth="355" frameHeight="790"/>
	<SubTexture name="cj doubleha0009" x="5149" y="821" width="355" height="779" frameX="0" frameY="-11" frameWidth="355" frameHeight="790"/>
	<SubTexture name="cj doubleha0010" x="5149" y="821" width="355" height="779" frameX="0" frameY="-11" frameWidth="355" frameHeight="790"/>
	<SubTexture name="cj doubleha0011" x="5149" y="821" width="355" height="779" frameX="0" frameY="-11" frameWidth="355" frameHeight="790"/>
	<SubTexture name="cj doubleha0012" x="5149" y="821" width="355" height="779" frameX="0" frameY="-11" frameWidth="355" frameHeight="790"/>
	<SubTexture name="cj doubleha0013" x="5149" y="821" width="355" height="779" frameX="0" frameY="-11" frameWidth="355" frameHeight="790"/>
	<SubTexture name="cj doubleha0014" x="5149" y="821" width="355" height="779" frameX="0" frameY="-11" frameWidth="355" frameHeight="790"/>
	<SubTexture name="cj doubleha0015" x="5149" y="821" width="355" height="779" frameX="0" frameY="-11" frameWidth="355" frameHeight="790"/>
	<SubTexture name="cj doubleha0016" x="5149" y="821" width="355" height="779" frameX="0" frameY="-11" frameWidth="355" frameHeight="790"/>
	<SubTexture name="cj doubleha0017" x="5149" y="821" width="355" height="779" frameX="0" frameY="-11" frameWidth="355" frameHeight="790"/>
	<SubTexture name="cj doubleha0018" x="5149" y="821" width="355" height="779" frameX="0" frameY="-11" frameWidth="355" frameHeight="790"/>
	<SubTexture name="cj doubleha0019" x="5149" y="821" width="355" height="779" frameX="0" frameY="-11" frameWidth="355" frameHeight="790"/>
	<SubTexture name="cj doubleha0020" x="5149" y="821" width="355" height="779" frameX="0" frameY="-11" frameWidth="355" frameHeight="790"/>
	<SubTexture name="cj doubleha0021" x="5149" y="821" width="355" height="779" frameX="0" frameY="-11" frameWidth="355" frameHeight="790"/>
	<SubTexture name="cj doubleha0022" x="5149" y="821" width="355" height="779" frameX="0" frameY="-11" frameWidth="355" frameHeight="790"/>
	<SubTexture name="cj doubleha0023" x="5149" y="821" width="355" height="779" frameX="0" frameY="-11" frameWidth="355" frameHeight="790"/>
	<SubTexture name="cj doubleha0024" x="5149" y="821" width="355" height="779" frameX="0" frameY="-11" frameWidth="355" frameHeight="790"/>
	<SubTexture name="cj doubleha0025" x="5149" y="821" width="355" height="779" frameX="0" frameY="-11" frameWidth="355" frameHeight="790"/>
	<SubTexture name="cj doubleha0026" x="5149" y="821" width="355" height="779" frameX="0" frameY="-11" frameWidth="355" frameHeight="790"/>
	<SubTexture name="cj doubleha0027" x="5149" y="821" width="355" height="779" frameX="0" frameY="-11" frameWidth="355" frameHeight="790"/>
	<SubTexture name="cj doubleha0028" x="5149" y="821" width="355" height="779" frameX="0" frameY="-11" frameWidth="355" frameHeight="790"/>
	<SubTexture name="cj doubleha0029" x="5149" y="821" width="355" height="779" frameX="0" frameY="-11" frameWidth="355" frameHeight="790"/>
	<SubTexture name="cj doubleha0030" x="5149" y="821" width="355" height="779" frameX="0" frameY="-11" frameWidth="355" frameHeight="790"/>
	<SubTexture name="cj doubleha0031" x="5149" y="821" width="355" height="779" frameX="0" frameY="-11" frameWidth="355" frameHeight="790"/>
	<SubTexture name="cj doubleha0032" x="5149" y="821" width="355" height="779" frameX="0" frameY="-11" frameWidth="355" frameHeight="790"/>
	<SubTexture name="cj doubleha0033" x="5149" y="821" width="355" height="779" frameX="0" frameY="-11" frameWidth="355" frameHeight="790"/>
	<SubTexture name="cj doubleha0034" x="5149" y="821" width="355" height="779" frameX="0" frameY="-11" frameWidth="355" frameHeight="790"/>
	<SubTexture name="cj doubleha0035" x="5149" y="821" width="355" height="779" frameX="0" frameY="-11" frameWidth="355" frameHeight="790"/>
	<SubTexture name="cj doubleha0036" x="5149" y="821" width="355" height="779" frameX="0" frameY="-11" frameWidth="355" frameHeight="790"/>
	<SubTexture name="cj doubleha0037" x="5149" y="821" width="355" height="779" frameX="0" frameY="-11" frameWidth="355" frameHeight="790"/>
	<SubTexture name="cj doubleha0038" x="5149" y="821" width="355" height="779" frameX="0" frameY="-11" frameWidth="355" frameHeight="790"/>
	<SubTexture name="cj doubleha0039" x="5149" y="821" width="355" height="779" frameX="0" frameY="-11" frameWidth="355" frameHeight="790"/>
	<SubTexture name="cj doubleha0040" x="5149" y="821" width="355" height="779" frameX="0" frameY="-11" frameWidth="355" frameHeight="790"/>
	<SubTexture name="cj doubleha0041" x="5149" y="821" width="355" height="779" frameX="0" frameY="-11" frameWidth="355" frameHeight="790"/>
	<SubTexture name="cj doubleha0042" x="5149" y="821" width="355" height="779" frameX="0" frameY="-11" frameWidth="355" frameHeight="790"/>
	<SubTexture name="cj doubleha0043" x="5149" y="821" width="355" height="779" frameX="0" frameY="-11" frameWidth="355" frameHeight="790"/>
	<SubTexture name="cj doubleha0044" x="5149" y="821" width="355" height="779" frameX="0" frameY="-11" frameWidth="355" frameHeight="790"/>
	<SubTexture name="cj doubleha0045" x="5149" y="821" width="355" height="779" frameX="0" frameY="-11" frameWidth="355" frameHeight="790"/>
	<SubTexture name="cj doubleha0046" x="5149" y="821" width="355" height="779" frameX="0" frameY="-11" frameWidth="355" frameHeight="790"/>
	<SubTexture name="cj doubleha0047" x="5149" y="821" width="355" height="779" frameX="0" frameY="-11" frameWidth="355" frameHeight="790"/>
	<SubTexture name="cj doubleha0048" x="5149" y="821" width="355" height="779" frameX="0" frameY="-11" frameWidth="355" frameHeight="790"/>
	<SubTexture name="cj doubleha0049" x="5149" y="821" width="355" height="779" frameX="0" frameY="-11" frameWidth="355" frameHeight="790"/>
	<SubTexture name="cj doubleha0050" x="5149" y="821" width="355" height="779" frameX="0" frameY="-11" frameWidth="355" frameHeight="790"/>
	<SubTexture name="cj doubleha0051" x="5149" y="821" width="355" height="779" frameX="0" frameY="-11" frameWidth="355" frameHeight="790"/>
	<SubTexture name="cj doubleha0052" x="5149" y="821" width="355" height="779" frameX="0" frameY="-11" frameWidth="355" frameHeight="790"/>
	<SubTexture name="cj doubleha0053" x="5149" y="821" width="355" height="779" frameX="0" frameY="-11" frameWidth="355" frameHeight="790"/>
	<SubTexture name="cj doubleha0054" x="5149" y="821" width="355" height="779" frameX="0" frameY="-11" frameWidth="355" frameHeight="790"/>
	<SubTexture name="cj doubleha0055" x="5149" y="821" width="355" height="779" frameX="0" frameY="-11" frameWidth="355" frameHeight="790"/>
	<SubTexture name="cj doubleha0056" x="5149" y="821" width="355" height="779" frameX="0" frameY="-11" frameWidth="355" frameHeight="790"/>
	<SubTexture name="cj doubleha0057" x="5149" y="821" width="355" height="779" frameX="0" frameY="-11" frameWidth="355" frameHeight="790"/>
	<SubTexture name="cj doubleha0058" x="5149" y="821" width="355" height="779" frameX="0" frameY="-11" frameWidth="355" frameHeight="790"/>
	<SubTexture name="cj doubleha0059" x="5149" y="821" width="355" height="779" frameX="0" frameY="-11" frameWidth="355" frameHeight="790"/>
	<SubTexture name="cj idle dance0000" x="5508" y="821" width="401" height="1139"/>
	<SubTexture name="cj idle dance0001" x="5913" y="821" width="388" height="1139" frameX="-5" frameY="0" frameWidth="401" frameHeight="1139"/>
	<SubTexture name="cj idle dance0002" x="6305" y="821" width="386" height="1139" frameX="-5" frameY="0" frameWidth="401" frameHeight="1139"/>
	<SubTexture name="cj idle dance0003" x="6695" y="821" width="386" height="1139" frameX="-5" frameY="0" frameWidth="401" frameHeight="1139"/>
	<SubTexture name="cj idle dance0004" x="6695" y="821" width="386" height="1139" frameX="-5" frameY="0" frameWidth="401" frameHeight="1139"/>
	<SubTexture name="cj idle dance0005" x="7085" y="821" width="386" height="1139" frameX="-5" frameY="0" frameWidth="401" frameHeight="1139"/>
	<SubTexture name="cj idle dance0006" x="7475" y="821" width="386" height="1139" frameX="-5" frameY="0" frameWidth="401" frameHeight="1139"/>
	<SubTexture name="cj idle dance0007" x="3" y="1964" width="392" height="1139" frameX="-5" frameY="0" frameWidth="401" frameHeight="1139"/>
	<SubTexture name="cj idle dance0008" x="399" y="1964" width="394" height="1139" frameX="-5" frameY="0" frameWidth="401" frameHeight="1139"/>
	<SubTexture name="cj idle dance0009" x="797" y="1964" width="397" height="1139" frameX="-3" frameY="0" frameWidth="401" frameHeight="1139"/>
	<SubTexture name="cj idle dance0010" x="1198" y="1964" width="400" height="1139" frameX="-1" frameY="0" frameWidth="401" frameHeight="1139"/>
	<SubTexture name="cj idle dance0011" x="1602" y="1964" width="401" height="1139"/>
	<SubTexture name="cj idle dance0012" x="5508" y="821" width="401" height="1139"/>
	<SubTexture name="cj idle dance0013" x="5508" y="821" width="401" height="1139"/>
	<SubTexture name="cj idle dance0014" x="2007" y="1964" width="383" height="1139" frameX="-5" frameY="0" frameWidth="401" frameHeight="1139"/>
	<SubTexture name="cj idle dance0015" x="2394" y="1964" width="381" height="1139" frameX="-5" frameY="0" frameWidth="401" frameHeight="1139"/>
	<SubTexture name="cj idle dance0016" x="2779" y="1964" width="381" height="1139" frameX="-5" frameY="0" frameWidth="401" frameHeight="1139"/>
	<SubTexture name="cj idle dance0017" x="2779" y="1964" width="381" height="1139" frameX="-5" frameY="0" frameWidth="401" frameHeight="1139"/>
	<SubTexture name="cj idle dance0018" x="3164" y="1964" width="381" height="1139" frameX="-5" frameY="0" frameWidth="401" frameHeight="1139"/>
	<SubTexture name="cj idle dance0019" x="3549" y="1964" width="381" height="1139" frameX="-5" frameY="0" frameWidth="401" frameHeight="1139"/>
	<SubTexture name="cj idle dance0020" x="3934" y="1964" width="389" height="1139" frameX="-5" frameY="0" frameWidth="401" frameHeight="1139"/>
	<SubTexture name="cj idle dance0021" x="4327" y="1964" width="393" height="1139" frameX="-5" frameY="0" frameWidth="401" frameHeight="1139"/>
	<SubTexture name="cj idle dance0022" x="4724" y="1964" width="398" height="1139" frameX="-2" frameY="0" frameWidth="401" frameHeight="1139"/>
	<SubTexture name="cj idle dance0023" x="5126" y="1964" width="399" height="1139" frameX="-1" frameY="0" frameWidth="401" frameHeight="1139"/>
	<SubTexture name="cj idle dance0024" x="1602" y="1964" width="401" height="1139"/>
	<SubTexture name="cj idle dance0025" x="5508" y="821" width="401" height="1139"/>
	<SubTexture name="cj intro0000" x="5529" y="1964" width="407" height="740" frameX="-79" frameY="-185" frameWidth="502" frameHeight="925"/>
	<SubTexture name="cj intro0001" x="5529" y="1964" width="407" height="740" frameX="-79" frameY="-185" frameWidth="502" frameHeight="925"/>
	<SubTexture name="cj intro0002" x="5529" y="1964" width="407" height="740" frameX="-79" frameY="-185" frameWidth="502" frameHeight="925"/>
	<SubTexture name="cj intro0003" x="5529" y="1964" width="407" height="740" frameX="-79" frameY="-185" frameWidth="502" frameHeight="925"/>
	<SubTexture name="cj intro0004" x="5529" y="1964" width="407" height="740" frameX="-79" frameY="-185" frameWidth="502" frameHeight="925"/>
	<SubTexture name="cj intro0005" x="5529" y="1964" width="407" height="740" frameX="-79" frameY="-185" frameWidth="502" frameHeight="925"/>
	<SubTexture name="cj intro0006" x="5529" y="1964" width="407" height="740" frameX="-79" frameY="-185" frameWidth="502" frameHeight="925"/>
	<SubTexture name="cj intro0007" x="5940" y="1964" width="407" height="740" frameX="-79" frameY="-185" frameWidth="502" frameHeight="925"/>
	<SubTexture name="cj intro0008" x="6351" y="1964" width="407" height="740" frameX="-79" frameY="-185" frameWidth="502" frameHeight="925"/>
	<SubTexture name="cj intro0009" x="6762" y="1964" width="423" height="741" frameX="-78" frameY="-184" frameWidth="502" frameHeight="925"/>
	<SubTexture name="cj intro0010" x="7189" y="1964" width="424" height="744" frameX="-77" frameY="-181" frameWidth="502" frameHeight="925"/>
	<SubTexture name="cj intro0011" x="7617" y="1964" width="424" height="747" frameX="-76" frameY="-178" frameWidth="502" frameHeight="925"/>
	<SubTexture name="cj intro0012" x="3" y="3107" width="424" height="749" frameX="-75" frameY="-176" frameWidth="502" frameHeight="925"/>
	<SubTexture name="cj intro0013" x="431" y="3107" width="425" height="751" frameX="-73" frameY="-174" frameWidth="502" frameHeight="925"/>
	<SubTexture name="cj intro0014" x="860" y="3107" width="426" height="751" frameX="-72" frameY="-174" frameWidth="502" frameHeight="925"/>
	<SubTexture name="cj intro0015" x="860" y="3107" width="426" height="751" frameX="-72" frameY="-174" frameWidth="502" frameHeight="925"/>
	<SubTexture name="cj intro0016" x="1290" y="3107" width="426" height="751" frameX="-72" frameY="-174" frameWidth="502" frameHeight="925"/>
	<SubTexture name="cj intro0017" x="1290" y="3107" width="426" height="751" frameX="-72" frameY="-174" frameWidth="502" frameHeight="925"/>
	<SubTexture name="cj intro0018" x="1720" y="3107" width="425" height="751" frameX="-72" frameY="-174" frameWidth="502" frameHeight="925"/>
	<SubTexture name="cj intro0019" x="2149" y="3107" width="425" height="751" frameX="-72" frameY="-174" frameWidth="502" frameHeight="925"/>
	<SubTexture name="cj intro0020" x="2578" y="3107" width="424" height="751" frameX="-73" frameY="-174" frameWidth="502" frameHeight="925"/>
	<SubTexture name="cj intro0021" x="2578" y="3107" width="424" height="751" frameX="-73" frameY="-174" frameWidth="502" frameHeight="925"/>
	<SubTexture name="cj intro0022" x="3006" y="3107" width="424" height="751" frameX="-73" frameY="-174" frameWidth="502" frameHeight="925"/>
	<SubTexture name="cj intro0023" x="3434" y="3107" width="424" height="751" frameX="-73" frameY="-174" frameWidth="502" frameHeight="925"/>
	<SubTexture name="cj intro0024" x="3862" y="3107" width="424" height="751" frameX="-73" frameY="-174" frameWidth="502" frameHeight="925"/>
	<SubTexture name="cj intro0025" x="4290" y="3107" width="424" height="751" frameX="-73" frameY="-174" frameWidth="502" frameHeight="925"/>
	<SubTexture name="cj intro0026" x="4718" y="3107" width="422" height="751" frameX="-74" frameY="-174" frameWidth="502" frameHeight="925"/>
	<SubTexture name="cj intro0027" x="5144" y="3107" width="422" height="751" frameX="-74" frameY="-174" frameWidth="502" frameHeight="925"/>
	<SubTexture name="cj intro0028" x="5570" y="3107" width="422" height="751" frameX="-74" frameY="-174" frameWidth="502" frameHeight="925"/>
	<SubTexture name="cj intro0029" x="5996" y="3107" width="422" height="751" frameX="-74" frameY="-174" frameWidth="502" frameHeight="925"/>
	<SubTexture name="cj intro0030" x="6422" y="3107" width="422" height="751" frameX="-74" frameY="-174" frameWidth="502" frameHeight="925"/>
	<SubTexture name="cj intro0031" x="6848" y="3107" width="422" height="751" frameX="-74" frameY="-174" frameWidth="502" frameHeight="925"/>
	<SubTexture name="cj intro0032" x="7274" y="3107" width="422" height="751" frameX="-74" frameY="-174" frameWidth="502" frameHeight="925"/>
	<SubTexture name="cj intro0033" x="7700" y="3107" width="420" height="751" frameX="-75" frameY="-174" frameWidth="502" frameHeight="925"/>
	<SubTexture name="cj intro0034" x="3" y="3862" width="420" height="751" frameX="-75" frameY="-174" frameWidth="502" frameHeight="925"/>
	<SubTexture name="cj intro0035" x="427" y="3862" width="420" height="751" frameX="-75" frameY="-174" frameWidth="502" frameHeight="925"/>
	<SubTexture name="cj intro0036" x="851" y="3862" width="420" height="751" frameX="-75" frameY="-174" frameWidth="502" frameHeight="925"/>
	<SubTexture name="cj intro0037" x="1275" y="3862" width="420" height="751" frameX="-75" frameY="-174" frameWidth="502" frameHeight="925"/>
	<SubTexture name="cj intro0038" x="1699" y="3862" width="420" height="751" frameX="-75" frameY="-174" frameWidth="502" frameHeight="925"/>
	<SubTexture name="cj intro0039" x="2123" y="3862" width="420" height="751" frameX="-75" frameY="-174" frameWidth="502" frameHeight="925"/>
	<SubTexture name="cj intro0040" x="2547" y="3862" width="419" height="751" frameX="-75" frameY="-174" frameWidth="502" frameHeight="925"/>
	<SubTexture name="cj intro0041" x="2970" y="3862" width="419" height="751" frameX="-75" frameY="-174" frameWidth="502" frameHeight="925"/>
	<SubTexture name="cj intro0042" x="3393" y="3862" width="419" height="751" frameX="-75" frameY="-174" frameWidth="502" frameHeight="925"/>
	<SubTexture name="cj intro0043" x="3393" y="3862" width="419" height="751" frameX="-75" frameY="-174" frameWidth="502" frameHeight="925"/>
	<SubTexture name="cj intro0044" x="3816" y="3862" width="422" height="751" frameX="-76" frameY="-174" frameWidth="502" frameHeight="925"/>
	<SubTexture name="cj intro0045" x="4242" y="3862" width="426" height="751" frameX="-76" frameY="-174" frameWidth="502" frameHeight="925"/>
	<SubTexture name="cj intro0046" x="4672" y="3862" width="424" height="751" frameX="-77" frameY="-174" frameWidth="502" frameHeight="925"/>
	<SubTexture name="cj intro0047" x="5100" y="3862" width="408" height="751" frameX="-78" frameY="-174" frameWidth="502" frameHeight="925"/>
	<SubTexture name="cj intro0048" x="5512" y="3862" width="407" height="750" frameX="-79" frameY="-175" frameWidth="502" frameHeight="925"/>
	<SubTexture name="cj intro0049" x="5923" y="3862" width="406" height="750" frameX="-80" frameY="-175" frameWidth="502" frameHeight="925"/>
	<SubTexture name="cj intro0050" x="6333" y="3862" width="406" height="750" frameX="-80" frameY="-175" frameWidth="502" frameHeight="925"/>
	<SubTexture name="cj intro0051" x="6743" y="3862" width="405" height="750" frameX="-81" frameY="-175" frameWidth="502" frameHeight="925"/>
	<SubTexture name="cj intro0052" x="7152" y="3862" width="404" height="750" frameX="-82" frameY="-175" frameWidth="502" frameHeight="925"/>
	<SubTexture name="cj intro0053" x="7560" y="3862" width="404" height="750" frameX="-82" frameY="-175" frameWidth="502" frameHeight="925"/>
	<SubTexture name="cj intro0054" x="3" y="4617" width="403" height="750" frameX="-83" frameY="-175" frameWidth="502" frameHeight="925"/>
	<SubTexture name="cj intro0055" x="410" y="4617" width="403" height="750" frameX="-83" frameY="-175" frameWidth="502" frameHeight="925"/>
	<SubTexture name="cj intro0056" x="817" y="4617" width="402" height="750" frameX="-84" frameY="-175" frameWidth="502" frameHeight="925"/>
	<SubTexture name="cj intro0057" x="1223" y="4617" width="402" height="750" frameX="-84" frameY="-175" frameWidth="502" frameHeight="925"/>
	<SubTexture name="cj intro0058" x="1223" y="4617" width="402" height="750" frameX="-84" frameY="-175" frameWidth="502" frameHeight="925"/>
	<SubTexture name="cj intro0059" x="1629" y="4617" width="391" height="750" frameX="-95" frameY="-175" frameWidth="502" frameHeight="925"/>
	<SubTexture name="cj intro0060" x="2024" y="4617" width="367" height="750" frameX="-119" frameY="-175" frameWidth="502" frameHeight="925"/>
	<SubTexture name="cj intro0061" x="2395" y="4617" width="369" height="750" frameX="-117" frameY="-175" frameWidth="502" frameHeight="925"/>
	<SubTexture name="cj intro0062" x="2768" y="4617" width="415" height="748" frameX="-71" frameY="-177" frameWidth="502" frameHeight="925"/>
	<SubTexture name="cj intro0063" x="3187" y="4617" width="435" height="743" frameX="-52" frameY="-182" frameWidth="502" frameHeight="925"/>
	<SubTexture name="cj intro0064" x="3626" y="4617" width="455" height="779" frameX="-32" frameY="-146" frameWidth="502" frameHeight="925"/>
	<SubTexture name="cj intro0065" x="4085" y="4617" width="461" height="834" frameX="-26" frameY="-91" frameWidth="502" frameHeight="925"/>
	<SubTexture name="cj intro0066" x="4550" y="4617" width="485" height="876" frameX="-2" frameY="-49" frameWidth="502" frameHeight="925"/>
	<SubTexture name="cj intro0067" x="5039" y="4617" width="481" height="882" frameX="-6" frameY="-43" frameWidth="502" frameHeight="925"/>
	<SubTexture name="cj intro0068" x="5524" y="4617" width="484" height="898" frameX="-3" frameY="-27" frameWidth="502" frameHeight="925"/>
	<SubTexture name="cj intro0069" x="6012" y="4617" width="487" height="916" frameX="0" frameY="-9" frameWidth="502" frameHeight="925"/>
	<SubTexture name="cj intro0070" x="6503" y="4617" width="476" height="925" frameX="-11" frameY="0" frameWidth="502" frameHeight="925"/>
	<SubTexture name="cj intro0071" x="6983" y="4617" width="486" height="911" frameX="-1" frameY="-14" frameWidth="502" frameHeight="925"/>
	<SubTexture name="cj intro0072" x="7473" y="4617" width="479" height="873" frameX="-8" frameY="-52" frameWidth="502" frameHeight="925"/>
	<SubTexture name="cj intro0073" x="3" y="5546" width="462" height="817" frameX="-25" frameY="-108" frameWidth="502" frameHeight="925"/>
	<SubTexture name="cj intro0074" x="469" y="5546" width="476" height="763" frameX="-11" frameY="-162" frameWidth="502" frameHeight="925"/>
	<SubTexture name="cj intro0075" x="949" y="5546" width="424" height="757" frameX="-63" frameY="-168" frameWidth="502" frameHeight="925"/>
	<SubTexture name="cj intro0076" x="1377" y="5546" width="404" height="745" frameX="-83" frameY="-180" frameWidth="502" frameHeight="925"/>
	<SubTexture name="cj intro0077" x="1785" y="5546" width="370" height="750" frameX="-117" frameY="-175" frameWidth="502" frameHeight="925"/>
	<SubTexture name="cj intro0078" x="2159" y="5546" width="374" height="752" frameX="-113" frameY="-173" frameWidth="502" frameHeight="925"/>
	<SubTexture name="cj intro0079" x="2537" y="5546" width="384" height="750" frameX="-103" frameY="-175" frameWidth="502" frameHeight="925"/>
	<SubTexture name="cj intro0080" x="2925" y="5546" width="384" height="748" frameX="-103" frameY="-177" frameWidth="502" frameHeight="925"/>
	<SubTexture name="cj intro0081" x="2925" y="5546" width="384" height="748" frameX="-102" frameY="-177" frameWidth="502" frameHeight="925"/>
	<SubTexture name="cj intro0082" x="3313" y="5546" width="385" height="748" frameX="-102" frameY="-177" frameWidth="502" frameHeight="925"/>
	<SubTexture name="cj intro0083" x="3702" y="5546" width="385" height="748" frameX="-102" frameY="-177" frameWidth="502" frameHeight="925"/>
	<SubTexture name="cj intro0084" x="4091" y="5546" width="386" height="749" frameX="-101" frameY="-176" frameWidth="502" frameHeight="925"/>
	<SubTexture name="cj intro0085" x="4481" y="5546" width="386" height="749" frameX="-101" frameY="-176" frameWidth="502" frameHeight="925"/>
	<SubTexture name="cj intro0086" x="4871" y="5546" width="387" height="749" frameX="-100" frameY="-176" frameWidth="502" frameHeight="925"/>
	<SubTexture name="cj intro0087" x="5262" y="5546" width="388" height="749" frameX="-99" frameY="-176" frameWidth="502" frameHeight="925"/>
	<SubTexture name="cj intro0088" x="5654" y="5546" width="388" height="749" frameX="-99" frameY="-176" frameWidth="502" frameHeight="925"/>
	<SubTexture name="cj intro0089" x="6046" y="5546" width="389" height="749" frameX="-98" frameY="-176" frameWidth="502" frameHeight="925"/>
	<SubTexture name="cj intro0090" x="6439" y="5546" width="389" height="750" frameX="-98" frameY="-175" frameWidth="502" frameHeight="925"/>
	<SubTexture name="cj intro0091" x="6832" y="5546" width="390" height="750" frameX="-97" frameY="-175" frameWidth="502" frameHeight="925"/>
	<SubTexture name="cj intro0092" x="7226" y="5546" width="390" height="750" frameX="-97" frameY="-175" frameWidth="502" frameHeight="925"/>
	<SubTexture name="cj intro0093" x="7226" y="5546" width="390" height="750" frameX="-97" frameY="-175" frameWidth="502" frameHeight="925"/>
	<SubTexture name="cj intro0094" x="7226" y="5546" width="390" height="750" frameX="-96" frameY="-175" frameWidth="502" frameHeight="925"/>
	<SubTexture name="cj singleha0000" x="7620" y="5546" width="345" height="779" frameX="0" frameY="-11" frameWidth="345" frameHeight="790"/>
	<SubTexture name="cj singleha0001" x="3" y="6367" width="345" height="780" frameX="0" frameY="-10" frameWidth="345" frameHeight="790"/>
	<SubTexture name="cj singleha0002" x="352" y="6367" width="345" height="790"/>
	<SubTexture name="cj singleha0003" x="701" y="6367" width="345" height="790"/>
	<SubTexture name="cj singleha0004" x="1050" y="6367" width="345" height="788" frameX="0" frameY="-2" frameWidth="345" frameHeight="790"/>
	<SubTexture name="cj singleha0005" x="5149" y="821" width="355" height="779" frameX="0" frameY="-11" frameWidth="355" frameHeight="790"/>
	<SubTexture name="cj singleha0006" x="5149" y="821" width="355" height="779" frameX="0" frameY="-11" frameWidth="355" frameHeight="790"/>
	<SubTexture name="cj singleha0007" x="5149" y="821" width="355" height="779" frameX="0" frameY="-11" frameWidth="355" frameHeight="790"/>
	<SubTexture name="cj singleha0008" x="5149" y="821" width="355" height="779" frameX="0" frameY="-11" frameWidth="355" frameHeight="790"/>
	<SubTexture name="cj singleha0009" x="5149" y="821" width="355" height="779" frameX="0" frameY="-11" frameWidth="355" frameHeight="790"/>
	<SubTexture name="cj singleha0010" x="5149" y="821" width="355" height="779" frameX="0" frameY="-11" frameWidth="355" frameHeight="790"/>
	<SubTexture name="cj singleha0011" x="5149" y="821" width="355" height="779" frameX="0" frameY="-11" frameWidth="355" frameHeight="790"/>
	<SubTexture name="cj singleha0012" x="5149" y="821" width="355" height="779" frameX="0" frameY="-11" frameWidth="355" frameHeight="790"/>
	<SubTexture name="cj singleha0013" x="5149" y="821" width="355" height="779" frameX="0" frameY="-11" frameWidth="355" frameHeight="790"/>
	<SubTexture name="cj singleha0014" x="5149" y="821" width="355" height="779" frameX="0" frameY="-11" frameWidth="355" frameHeight="790"/>
	<SubTexture name="cj singleha0015" x="5149" y="821" width="355" height="779" frameX="0" frameY="-11" frameWidth="355" frameHeight="790"/>
	<SubTexture name="cj singleha0016" x="5149" y="821" width="355" height="779" frameX="0" frameY="-11" frameWidth="355" frameHeight="790"/>
	<SubTexture name="cj singleha0017" x="5149" y="821" width="355" height="779" frameX="0" frameY="-11" frameWidth="355" frameHeight="790"/>
	<SubTexture name="cj singleha0018" x="5149" y="821" width="355" height="779" frameX="0" frameY="-11" frameWidth="355" frameHeight="790"/>
	<SubTexture name="cj singleha0019" x="5149" y="821" width="355" height="779" frameX="0" frameY="-11" frameWidth="355" frameHeight="790"/>
	<SubTexture name="cj singleha0020" x="5149" y="821" width="355" height="779" frameX="0" frameY="-11" frameWidth="355" frameHeight="790"/>
	<SubTexture name="cj singleha0021" x="5149" y="821" width="355" height="779" frameX="0" frameY="-11" frameWidth="355" frameHeight="790"/>
	<SubTexture name="cj singleha0022" x="5149" y="821" width="355" height="779" frameX="0" frameY="-11" frameWidth="355" frameHeight="790"/>
	<SubTexture name="cj singleha0023" x="5149" y="821" width="355" height="779" frameX="0" frameY="-11" frameWidth="355" frameHeight="790"/>
	<SubTexture name="cj singleha0024" x="5149" y="821" width="355" height="779" frameX="0" frameY="-11" frameWidth="355" frameHeight="790"/>
	<SubTexture name="cj singleha0025" x="5149" y="821" width="355" height="779" frameX="0" frameY="-11" frameWidth="355" frameHeight="790"/>
	<SubTexture name="cj singleha0026" x="5149" y="821" width="355" height="779" frameX="0" frameY="-11" frameWidth="355" frameHeight="790"/>
	<SubTexture name="cj singleha0027" x="5149" y="821" width="355" height="779" frameX="0" frameY="-11" frameWidth="355" frameHeight="790"/>
	<SubTexture name="cj singleha0028" x="5149" y="821" width="355" height="779" frameX="0" frameY="-11" frameWidth="355" frameHeight="790"/>
	<SubTexture name="cj singleha0029" x="5149" y="821" width="355" height="779" frameX="0" frameY="-11" frameWidth="355" frameHeight="790"/>
	<SubTexture name="cj singleha0030" x="5149" y="821" width="355" height="779" frameX="0" frameY="-11" frameWidth="355" frameHeight="790"/>
	<SubTexture name="cj singleha0031" x="5149" y="821" width="355" height="779" frameX="0" frameY="-11" frameWidth="355" frameHeight="790"/>
	<SubTexture name="cj singleha0032" x="5149" y="821" width="355" height="779" frameX="0" frameY="-11" frameWidth="355" frameHeight="790"/>
	<SubTexture name="cj singleha0033" x="5149" y="821" width="355" height="779" frameX="0" frameY="-11" frameWidth="355" frameHeight="790"/>
	<SubTexture name="cj singleha0034" x="5149" y="821" width="355" height="779" frameX="0" frameY="-11" frameWidth="355" frameHeight="790"/>
	<SubTexture name="cj singleha0035" x="5149" y="821" width="355" height="779" frameX="0" frameY="-11" frameWidth="355" frameHeight="790"/>
	<SubTexture name="cj singleha0036" x="5149" y="821" width="355" height="779" frameX="0" frameY="-11" frameWidth="355" frameHeight="790"/>
	<SubTexture name="cj singleha0037" x="5149" y="821" width="355" height="779" frameX="0" frameY="-11" frameWidth="355" frameHeight="790"/>
	<SubTexture name="cj singleha0038" x="5149" y="821" width="355" height="779" frameX="0" frameY="-11" frameWidth="355" frameHeight="790"/>
	<SubTexture name="cj singleha0039" x="5149" y="821" width="355" height="779" frameX="0" frameY="-11" frameWidth="355" frameHeight="790"/>
	<SubTexture name="cj singleha0040" x="5149" y="821" width="355" height="779" frameX="0" frameY="-11" frameWidth="355" frameHeight="790"/>
	<SubTexture name="cj singleha0041" x="5149" y="821" width="355" height="779" frameX="0" frameY="-11" frameWidth="355" frameHeight="790"/>
	<SubTexture name="cj singleha0042" x="5149" y="821" width="355" height="779" frameX="0" frameY="-11" frameWidth="355" frameHeight="790"/>
	<SubTexture name="cj singleha0043" x="5149" y="821" width="355" height="779" frameX="0" frameY="-11" frameWidth="355" frameHeight="790"/>
	<SubTexture name="cj singleha0044" x="5149" y="821" width="355" height="779" frameX="0" frameY="-11" frameWidth="355" frameHeight="790"/>
	<SubTexture name="cj singleha0045" x="5149" y="821" width="355" height="779" frameX="0" frameY="-11" frameWidth="355" frameHeight="790"/>
	<SubTexture name="cj singleha0046" x="5149" y="821" width="355" height="779" frameX="0" frameY="-11" frameWidth="355" frameHeight="790"/>
	<SubTexture name="cj singleha0047" x="5149" y="821" width="355" height="779" frameX="0" frameY="-11" frameWidth="355" frameHeight="790"/>
	<SubTexture name="cj singleha0048" x="5149" y="821" width="355" height="779" frameX="0" frameY="-11" frameWidth="355" frameHeight="790"/>
	<SubTexture name="cj singleha0049" x="5149" y="821" width="355" height="779" frameX="0" frameY="-11" frameWidth="355" frameHeight="790"/>
	<SubTexture name="cj singleha0050" x="5149" y="821" width="355" height="779" frameX="0" frameY="-11" frameWidth="355" frameHeight="790"/>
	<SubTexture name="cj singleha0051" x="5149" y="821" width="355" height="779" frameX="0" frameY="-11" frameWidth="355" frameHeight="790"/>
	<SubTexture name="cj singleha0052" x="5149" y="821" width="355" height="779" frameX="0" frameY="-11" frameWidth="355" frameHeight="790"/>
	<SubTexture name="cj singleha0053" x="5149" y="821" width="355" height="779" frameX="0" frameY="-11" frameWidth="355" frameHeight="790"/>
	<SubTexture name="cj singleha0054" x="5149" y="821" width="355" height="779" frameX="0" frameY="-11" frameWidth="355" frameHeight="790"/>
	<SubTexture name="cj singleha0055" x="5149" y="821" width="355" height="779" frameX="0" frameY="-11" frameWidth="355" frameHeight="790"/>
	<SubTexture name="cj singleha0056" x="5149" y="821" width="355" height="779" frameX="0" frameY="-11" frameWidth="355" frameHeight="790"/>
	<SubTexture name="cj singleha0057" x="5149" y="821" width="355" height="779" frameX="0" frameY="-11" frameWidth="355" frameHeight="790"/>
	<SubTexture name="cj singleha0058" x="5149" y="821" width="355" height="779" frameX="0" frameY="-11" frameWidth="355" frameHeight="790"/>
	<SubTexture name="cj singleha0059" x="5149" y="821" width="355" height="779" frameX="0" frameY="-11" frameWidth="355" frameHeight="790"/>
</TextureAtlas>
